Tilda UID;Brand;SKU;Mark;Category;Title;Description;Text;Photo;Price;Quantity;Price Old;Editions;Modifications;External ID;Parent UID;Characteristics:ccal;Characteristics:prot;Characteristics:fat;Characteristics:carb;Weight;Length;Width;Height
7,35605E+11;;;;dishes;home-1-1;Омлет с сыром;Яйцо, молоко, сыр;https://static.tildacdn.com/tild3763-3739-4964-a263-623365363362/1.png;0;;;;;0ZxDufIbfLGKgnnSafi9;;;;;;200;0;0;0
6,65086E+11;;;;dishes;home-1-2;Овощной микс;Салат, перец, огурец, томат, редис;https://static.tildacdn.com/tild6166-6662-4563-a235-626638663864/Rectangle_27.png;0;;;;;nujgpnEJZRtNvrVX5SCO;;;;;;120;0;0;0
1,856E+11;;;;dishes;home-1-3;Чашушули с печеным картофелем;Свинина, томат, специи, перец, лук, картофель, сливочное масло;https://static.tildacdn.com/tild3430-6133-4834-a434-613133333463/Rectangle_28.png;0;;;;;3NLBcPb6JHCRGmFzmXL9;;;;;;280;0;0;0
6,39015E+11;;;;dishes;home-1-4;Куриный суп;Курица, картофель, морковь, макарошки;https://static.tildacdn.com/tild3432-6432-4566-a263-373537393837/Rectangle_31.png;0;;;;;5EVzgzYL8KISRB1pO7IB;;;;;;280;0;0;0
4,16377E+11;;;;dishes;home-1-5;Плов;Рис, морковь, лук, бедро куриное, специи, чеснок;https://static.tildacdn.com/tild3461-3761-4537-b561-316331616364/Rectangle_30.png;0;;;;;PMSAm7brnEI2bPlvO4XV;;;;;;280;0;0;0
5,52873E+11;;;;dishes;home-1-6;Фиш-боллс с кус-кус;"Филе трески, яйцо, специи, крабовое мясо, кус-кус, морковь, перец сладкий, зелень
масло сливочное.";https://static.tildacdn.com/tild3964-6533-4433-b430-616233333535/Rectangle_51.png;0;;;;;xMHnFTb7kiXscI14N74g;;;;;;0;0;0;0
3,29437E+11;;;;dishes;home-1-dessert;Чизкейк классический;Сыр творожный, пшеничная мука, вода, соль, лимонная кислота, сахар, патока, меланж, сливки;https://static.tildacdn.com/tild3666-3432-4331-b062-666639663866/Rectangle_11.png;0;;;;;Pmr8n1lHR8TDOa0B5tct;;;;;;50;0;0;0
9,35121E+11;;;;dishes;home-2-1;Запеканка творожная с вишневым вареньем;Творог, сметана, сахар, яйцо, вишня, мука;https://static.tildacdn.com/tild6633-3862-4364-a466-666563323738/Rectangle_10-1.png;0;;;;;v6ueDMmmJuZnrlcl4jjs;;;;;;230;0;0;0
9,7314E+11;;;;dishes;home-2-2;Селедка под шубой;Сельдь филе, картофель, яйцо, морковь, свекла, майонез;https://static.tildacdn.com/tild3533-3463-4764-a264-663636313937/Rectangle_27-1.png;0;;;;;pTIn8z4pko38zZdZBSjo;;;;;;120;0;0;0
5,89911E+11;;;;dishes;home-2-3;Фузилли с домашней котлетой и овощным конфитюром;Фузилли, говядина, свинина, лук, кабачок, морковь, специи;https://static.tildacdn.com/tild3832-3532-4032-a466-373438326264/Rectangle_28-1.png;0;;;;;pfIbb8PiTd1A1ZvNXtYB;;;;;;280;0;0;0
8,78648E+11;;;;dishes;home-2-4;Харчо;Говядина, рис, томат, соус ткемали;https://static.tildacdn.com/tild6234-3563-4135-b933-373830383339/Mask_Group.png;0;;;;;y8zrtYkP3Ba2kGkEOlKu;;;;;;280;0;0;0
8,24308E+11;;;;dishes;home-2-5;Чахохбили с гречей;Бедро куриное, томат, лук, морковь, специи, греча;https://static.tildacdn.com/tild3832-6536-4561-a561-316634616163/Rectangle_29.png;0;;;;;7reaIERfD45BvEZ1Xm3v;;;;;;280;0;0;0
2,34353E+11;;;;dishes;home-2-6;Лазанья;Говядина, свинина, сыр, томатная паста, специи, соус бешамель, тимьян, чеснок, паста;https://static.tildacdn.com/tild3334-6233-4538-b738-313363396666/Rectangle_45.png;0;;;;;3x8mzCUiiO43lbF0Vayg;;;;;;250;0;0;0
5,64202E+11;;;;dishes;home-2-dessert;Эклер шоколадный;Мука, яйцо, сахар, шоколад, заварной крем;https://static.tildacdn.com/tild3261-6263-4435-b133-343764306539/Rectangle_29-1.png;0;;;;;MBLfaH0cJhmMTLPCXcKK;;;;;;50;0;0;0
6,15891E+11;;;;dishes;home-3-1;Маффин с молоком;Молоко, мука, вода, масло сливочное, сахар, молоко, ванилин;https://static.tildacdn.com/tild6566-3464-4366-a335-643066343634/Rectangle_10-2.png;0;;;;;pIT8l1JgHAzKhJ4OmYEB;;;;;;280;0;0;0
6,34729E+11;;;;dishes;home-3-2;"Салат с соусом ""Ранч""";"Фасоль, яйцо, салат патисон, зеленый горошек, соус ""ранч""";https://static.tildacdn.com/tild3931-6163-4730-b837-393134633263/Rectangle_27-2.png;0;;;;;C8uiibu0yJAZ8UNbV369;;;;;;120;0;0;0
8,85283E+11;;;;dishes;home-3-3;Куриная отбивная с рисом;Филе куриное, томат, майонез, сыр, рис;https://static.tildacdn.com/tild3636-3362-4634-b330-653930373762/Rectangle_28-2.png;0;;;;;DkxhNfHHzcva5naLumar;;;;;;280;0;0;0
2,83605E+11;;;;dishes;home-3-4;Грибной суп;Грибы, картофель, морковь, перловая крупа;https://static.tildacdn.com/tild3737-6433-4636-b830-316232316163/Mask_Group-1.png;0;;;;;a6xMp2935ZkgfYOc1a53;;;;;;280;0;0;0
8,38269E+11;;;;dishes;home-3-5;Шницель куриный с булгуром;Филе куриное, сухари панировочные, булгур;https://static.tildacdn.com/tild3532-3930-4433-b263-316234323963/Rectangle_30-1.png;0;;;;;1BxRY0KtsXh3KYTP6sXi;;;;;;280;0;0;0
2,79859E+11;;;;dishes;home-3-6;Паприкаш с цветной капустой;Свиная вырезка, соус наполи, цветная капуста, соус песто , специи, зелень.;https://static.tildacdn.com/tild3733-6365-4264-a364-666465336236/Rectangle_46.png;0;;;;;koTEnfY8Rv1YZHoypOon;;;;;;0;0;0;0
7,67213E+11;;;;dishes;home-3-dessert;Чиз-кейк клубничный;Бисквит, ваниль, сливочный сыр, сливки, яйцо, клубника;https://static.tildacdn.com/tild3638-3164-4630-b432-653739366661/Rectangle_12.png;0;;;;;bebeMEZCtp0loN5zeN4U;;;;;;100;0;0;0
2,61838E+11;;;;dishes;home-4-1;Блинчики со сгущенкой;Мука, молоко, яйцо, сахар, сгущеное молоко;https://static.tildacdn.com/tild3636-3462-4262-b739-646664643736/Rectangle_10-3.png;0;;;;;oZz6JfDShRc6pOHMv8Vo;;;;;;170;0;0;0
9,675E+11;;;;dishes;home-4-2;Салат Цезарь;"Салат, томат, филе куриное, соус ""цезарь"", гренки";https://static.tildacdn.com/tild6664-6231-4636-b864-303665613765/Rectangle_27-3.png;0;;;;;fgzZsMxcyZRLSeLissUo;;;;;;120;0;0;0
7,29503E+11;;;;dishes;home-4-3;Картофельная лазанья с мясом;Картофель, яйцо, фарш мясной, кабачки, сливочный соус, сыр;https://static.tildacdn.com/tild6565-3539-4662-a532-643732313339/Rectangle_28-3.png;0;;;;;djeuGroKbbMA71MAvfgX;;;;;;250;0;0;0
7,24127E+11;;;;dishes;home-4-4;Солянка со сметаной;Огурец, лук, картофель, томат, курица, оливки, колбаски;https://static.tildacdn.com/tild3865-6632-4939-b935-623230366437/Mask_Group-2.png;0;;;;;YvJBn1poFjCAnvpb41Oz;;;;;;280;0;0;0
9,64431E+11;;;;dishes;home-4-5;Удон с курицей;"Пшеничная лапша, филе куриное, морковь, кунжут, перец, соус ""удон""";https://static.tildacdn.com/tild6164-3330-4663-a463-356236643364/Rectangle_29-1.png;0;;;;;uE4T4HtMacGAGhDcM5n2;;;;;;280;0;0;0
5,77087E+11;;;;dishes;home-4-6;Филе цыпленка BBQ с мексиканским гарниром;Филе цыпленка, свит чили, горошек зеленый, кукуруза, фасоль стручковая, прованские травы, соус барбекю.;https://static.tildacdn.com/tild3564-6131-4830-b862-363236376330/Rectangle_47.png;0;;;;;xdDePIk8mh4VB8CZFKgu;;;;;;0;0;0;0
7,72973E+11;;;;dishes;home-4-dessert;Пирог малиновый с миндалем;Малина, сахар, мука, масло, лимонный сок, яичный желток, миндальная мука, крахмал кукурузный;https://static.tildacdn.com/tild3566-6464-4635-b937-366432306634/Rectangle_13.png;0;;;;;iC6TLrRmk7EpXxNyZ5Rh;;;;;;60;0;0;0
1,66771E+11;;;;dishes;home-5-1;Чиабатта с ветчиной и сыром;Чиабатта, ветчина, сыр, салат, томат, соус;https://static.tildacdn.com/tild3665-3937-4930-b863-646334396566/Rectangle_10-4.png;0;;;;;ip34BTU1rrAfzKknTEiI;;;;;;280;0;0;0
8,6331E+11;;;;dishes;home-5-2;Салат Акапулько;Салат, томат, ветчина, макароны, перец, пряный соус;https://static.tildacdn.com/tild3237-3932-4531-a535-396162303632/Rectangle_27-4.png;0;;;;;Bdj75LfYIvkceVZSROs0;;;;;;120;0;0;0
3,85838E+11;;;;dishes;home-5-3;Тори чилли с рисом;"Филе куриное, соус ""свит чили"", лук порей, перец, рис";https://static.tildacdn.com/tild6538-3334-4431-a534-616664323835/Rectangle_28-4.png;0;;;;;sIPmZrfLrMA9A0bO2moL;;;;;;280;0;0;0
4,39168E+11;;;;dishes;home-5-4;Борщ со сметаной;Свекла, картофель, капуста, морковь, курица, томат, сметана;https://static.tildacdn.com/tild6530-3238-4462-a330-373234613837/Mask_Group-3.png;0;;;;;eOGkhplLidXudpukyvhD;;;;;;280;0;0;0
4,94104E+11;;;;dishes;home-5-5;Бифштекс с яйцом макароны;Макароны, фарш из говядины, яйцо;https://static.tildacdn.com/tild6139-3137-4236-a636-343133323264/Rectangle_29-2.png;0;;;;;sOuOlEDPFaYdEFxp09Vp;;;;;;280;0;0;0
9,78718E+11;;;;dishes;home-5-6;Вырезка по китайски с молодыми овощами;Брокколи, цветная капуста, кукуруза, морковь, свинина, соус “Джеки-Чан”, кунжут, зелень;https://static.tildacdn.com/tild6636-3834-4538-b630-373137653362/Rectangle_48.png;0;;;;;B3lKJpoePmcV1RNXpZFu;;;;;;0;0;0;0
5,86711E+11;;;;dishes;home-5-dessert;Медовик;"Мука, молоко, сахар, сгущенка, меланж, вода, масло, мед, соль, сироп ""крем-брюле""";https://static.tildacdn.com/tild3730-6434-4230-b939-313632373634/Rectangle_14.png;0;;;;;9HFzOeoi1RyKzxATiI0g;;;;;;80;0;0;0
4,54753E+11;;;;dishes;home-6-1;Сырники с ягодным муссом;Творог, сахар, хлопья овсяные, ягодное варенье;https://static.tildacdn.com/tild3034-3365-4330-b235-646331336236/Rectangle_10-5.png;0;;;;;JyCCYSP7D5EdaDc4vV7L;;;;;;200;0;0;0
7,48134E+11;;;;dishes;home-6-2;Салат Орзо;Паста орзо, салат, томат, огурец, куриное филе, медово-горчичная заправка;https://static.tildacdn.com/tild6335-3763-4539-b532-636266656234/Rectangle_27-5.png;0;;;;;72efEnpSijn3T6mcjoGV;;;;;;120;0;0;0
2,16857E+11;;;;dishes;home-6-3;Медальоны из свинины с гречей;Вырезка свиная, специи, розмарин, греча;https://static.tildacdn.com/tild3331-3730-4238-a639-653566393263/Rectangle_28-5.png;0;;;;;prNEP13aAtMKFzJ6McKo;;;;;;270;0;0;0
4,89511E+11;;;;dishes;home-6-4;Гороховый суп;Горох, картофель, копчености, куриное филе, морковь;https://static.tildacdn.com/tild6235-3063-4764-b431-653032633834/Mask_Group-4.png;0;;;;;u2uM8zpVEzylOrkklZMT;;;;;;280;0;0;0
5,11338E+11;;;;dishes;home-6-5;Тельное из рыбы с пюре;Рыбный фарш, картофель, молоко, масло сливочное, соус тар-тар;https://static.tildacdn.com/tild6465-6162-4435-b164-393339323632/Rectangle_29-3.png;0;;;;;Z5fatyxesE5EreMvpffT;;;;;;280;0;0;0
8,54876E+11;;;;dishes;home-6-6;Корейка по провански с рисом и стручковой фасолью;Корейка б/к, фасоль стручковая, рис отварной, специи, зелень, соус красный.;https://static.tildacdn.com/tild3965-3964-4865-a333-663738366662/Rectangle_49.png;0;;;;;NOpmtEaMYae573bEZJ1M;;;;;;0;0;0;0
1,46808E+11;;;;dishes;home-6-dessert;"Пирожное ""Шу""";Сливки, сахар, творожный сыр, мука, сгущеное молоко, соль, вода, яйцо, ванилин, миндаль, карамель;https://static.tildacdn.com/tild6566-3332-4863-b034-313064396437/Rectangle_15.png;0;;;;;yus741FcmTNPjpJ7T9SU;;;;;;60;0;0;0
2,72259E+11;;;;dishes;home-7-1;Кесадилья;Тортилья, салат, томат, огурец, перец, соус, кура;https://static.tildacdn.com/tild6666-3132-4339-b732-323563623836/Rectangle_10.png;0;;;;;he9xhJ8hS4xB81k0BPpX;;;;;;200;0;0;0
2,75767E+11;;;;dishes;home-7-2;Салат деревенский;Картофель, салат, горошек, филе куриное, лук красный, патисон маринованный, соус;https://static.tildacdn.com/tild3639-3062-4837-a465-663365613162/Rectangle_27-6.png;0;;;;;4yvmamPUAIlUxOTcJp2H;;;;;;120;0;0;0
1,61144E+11;;;;dishes;home-7-3;Спагетти болоньезе;Спагетти, мясной фарш, томат, лук, морковь, сыр;https://static.tildacdn.com/tild6531-3631-4866-b230-663931346162/Rectangle_28.png;0;;;;;aldPxLYhOxVpfMzI4kYJ;;;;;;280;0;0;0
3,86621E+11;;;;dishes;home-7-4;Картофельный крем суп с гренками;Картофель, лук, пшеничный хлеб;https://static.tildacdn.com/tild3866-6663-4863-a133-343365646230/Mask_Group-5.png;0;;;;;3Tz5CDpiBL77MFPVC1YJ;;;;;;280;0;0;0
6,28087E+11;;;;dishes;home-7-5;Блинчики с мясом;Молоко, яйцо, мука, фарш мясной, сметана, зелень;https://static.tildacdn.com/tild6164-6333-4166-b231-353964386133/Rectangle_29-4.png;0;;;;;yszMIRhe848ECdaXRZTN;;;;;;250;0;0;0
9,06799E+11;;;;dishes;home-7-6;Рулет мясной с овощами на пару;Кукуруза, брокколи, цветная капуста, бэйби морковь, соус сливочный, специи, шпинат, фарш куриный, зелень.;https://static.tildacdn.com/tild3235-3337-4965-b533-316665303634/Rectangle_50.png;0;;;;;7p8ogIeMf33cE18F5LaE;;;;;;0;0;0;0
2,92869E+11;;;;dishes;home-7-dessert;Баркетта с вишней и творожным кремом;Морковь, сыр творожный, сахар, мука, масло, яйцо, грецкий орех, ананас;https://static.tildacdn.com/tild3762-3564-4965-b034-303762323438/Rectangle_16.png;0;;;;;c3x8nj0z4EzlvCsiGl9F;;;;;;60;0;0;0
2,97232E+11;;;;dishes;lite-1-1;Глазунья со стручковой фасолью и томатами;Яйцо, томат, фасоль стручковая;https://static.tildacdn.com/tild3030-3337-4632-b462-373865373666/Rectangle_10.png;0;;;;;MPbYJfu1gUURmbi58CDx;;;;;;200;0;0;0
9,39382E+11;;;;dishes;lite-1-2;Мясной рулет с молодыми овощами;Фарш домашний, специи, шпинат, морковь, цветная капуста, кукуруза, брокколи, соус;https://static.tildacdn.com/tild3339-3666-4734-b931-326463393439/Rectangle_28.png;0;;;;;B2mzZybFDLIlj7KiSuOT;;;;;;250;0;0;0
3,13447E+11;;;;dishes;lite-1-3;Салат с кус-кусом и медово-горчичной заправкой;Томат, салат, филе куриное, огурец, кус-кус, мед, горчица зернистая;https://static.tildacdn.com/tild3734-3030-4862-b537-333165303136/Rectangle_29.png;0;;;;;gfl4kARZbLf5Xh7Lao5m;;;;;;120;0;0;0
2,95058E+11;;;;dishes;lite-1-4;Минестроне;Брокколи, горошек, фасоль стручковая, цветная капуста, томат;https://static.tildacdn.com/tild3361-6435-4431-b536-316466623664/Mask_Group.png;0;;;;;L284muIyFn39GRFJD9xJ;;;;;;280;0;0;0
6,72556E+11;;;;dishes;lite-1-5;Тунец унаги с рисом;"Тунец филе, соус ""унаги"", кунжут, рис";https://static.tildacdn.com/tild3732-3234-4233-b030-636632353738/Rectangle_30.png;0;;;;;sFor9dzmnJyuf2kEkrIY;;;;;;250;0;0;0
3,84959E+11;;;;dishes;lite-1-6;Бифштекс с яйцом и гречей;Греча, яйыо, специи, говядина, свинина, зелень;https://static.tildacdn.com/tild6562-3137-4437-b166-643561633435/Rectangle_44.png;0;;;;;piuyXIGcOtJd71ofM01r;;;;;;250;0;0;0
5,82698E+11;;;;dishes;lite-1-dessert;Чизкейк классический;Сыр творожный, пшеничная мука, вода, соль, лимонная кислота, сахар, патока, меланж, сливки;https://static.tildacdn.com/tild6338-6362-4036-a562-643465383838/Rectangle_23.png;0;;;;;DtlNVnPHDhtVPip1FK3d;;;;;;50;0;0;0
4,62889E+11;;;;dishes;lite-2-1;Салат коул-слоу;Капуста, капуста красная, морковь, клюква, соус;https://static.tildacdn.com/tild3565-3731-4863-a639-353961313630/Rectangle_28.png;0;;;;;4PtAa4K0UIRYYFe1YKbH;;;;;;120;0;0;0
7,74307E+11;;;;dishes;lite-2-2;Пшеничка с крекером;Пшеничка, крекер, молоко, фруктоза, масло сливочное;https://static.tildacdn.com/tild6663-6634-4163-b334-363531623835/Rectangle_29.png;0;;;;;2bIJ9jVVf5FVAYdSbRbM;;;;;;250;0;0;0
4,08242E+11;;;;dishes;lite-2-3;Спагетти с томленой курочкой;Спагетти, специи, филе куры, морковь, лук, тимьян;https://static.tildacdn.com/tild3336-6433-4339-a332-336533313661/Rectangle_30.png;0;;;;;3tcmsX0xrgRSvUiJJtYm;;;;;;250;0;0;0
2,56729E+11;;;;dishes;lite-2-4;Гаспачо;Томат, базилик, огурец, красный лук;https://static.tildacdn.com/tild3337-3465-4234-a637-613562393564/Mask_Group.png;0;;;;;JGCSbzlR1ZfAVf0Cu0hl;;;;;;280;0;0;0
4,10963E+11;;;;dishes;lite-2-5;Куриная котлета с овощами;Куриный фарш, сухари панировочные, картофель стоун, морковь, цветная капуста, фасоль стручковая;https://static.tildacdn.com/tild3830-3162-4133-b962-376338313439/Rectangle_10.png;0;;;;;HiapYSo3NcxK5M1JihHV;;;;;;250;0;0;0
2,03281E+11;;;;dishes;lite-2-6;Чанахи с булгуром;Булгур, говядина, соус наполи, морковь, специи, зелень, чеснок;https://static.tildacdn.com/tild3236-3533-4862-a337-613535646565/Rectangle_38.png;0;;;;;p8DSDLbB4xhPZxFGgiYt;;;;;;250;0;0;0
6,04678E+11;;;;dishes;lite-2-dessert;Эклер шоколадный;Мука, яйцо, сахар, шоколад, заварной крем;https://static.tildacdn.com/tild3363-3261-4265-b262-656530336532/Rectangle_17.png;0;;;;;Vaxstk1Uugoz8o01XACN;;;;;;50;0;0;0
6,55515E+11;;;;dishes;lite-3-1;Индейка наполи с печеными кабачками;Филе индейки, томат сс, специи, кабачки;https://static.tildacdn.com/tild6337-6438-4663-b430-396161366162/Rectangle_10.png;0;;;;;zDHtLDi4B6vnTonJ1tyJ;;;;;;250;0;0;0
5,72739E+11;;;;dishes;lite-3-2;Салат Бордо;Свекла, яблоко, сыр фета, заправка;https://static.tildacdn.com/tild3266-3831-4966-a439-363632396363/Rectangle_28.png;0;;;;;Y9Vz3kapTLNlymH4Xe2U;;;;;;120;0;0;0
2,7407E+11;;;;dishes;lite-3-3;Сырники в кокосе;Творог, фруктоза, кокосовая стружка, сметана;https://static.tildacdn.com/tild3964-6136-4564-b962-383735653938/Rectangle_30.png;0;;;;;bOGvDI0moJjoFIaLCcXc;;;;;;200;0;0;0
7,31956E+11;;;;dishes;lite-3-4;Крем суп из молодого горошка;Горошек молодой, специи, лук, картофель, сливки;https://static.tildacdn.com/tild6135-6632-4734-b264-653430623265/Mask_Group.png;0;;;;;OU8XgozvNVdOMFAjSxhf;;;;;;280;0;0;0
8,71985E+11;;;;dishes;lite-3-5;Полба с грибным соусом и мясными шариками;Мясной фарш, лук, шампиньоны, сливочный соус, полба;https://static.tildacdn.com/tild3162-6535-4330-b966-386362303537/Rectangle_29.png;0;;;;;nLX83fCzUzlgtB9YlzP5;;;;;;250;0;0;0
2,98619E+11;;;;dishes;lite-3-6;Творожная котлета с картофельным пюре;Картофель, молоко, специи, куриное филе, творог, зелень;https://static.tildacdn.com/tild6462-3833-4236-b438-666531343237/Rectangle_39.png;0;;;;;z292xOSvKmKmEIbkVaTC;;;;;;250;0;0;0
9,61125E+11;;;;dishes;lite-3-dessert;Чиз-кейк клубничный;Бисквит, ваниль, сливочный сыр, сливки, яйцо, клубника;https://static.tildacdn.com/tild3462-3839-4236-a432-336230316437/Rectangle_18.png;0;;;;;No4ilo0USY1MOCtCugXm;;;;;;100;0;0;0
4,48798E+11;;;;dishes;lite-4-1;Овощной микс;Салат, огурец, томат, перец, редис;https://static.tildacdn.com/tild3363-3233-4934-b961-343264616139/Rectangle_28.png;0;;;;;knYvXspE5R6Xp3HJaILz;;;;;;120;0;0;0
5,73761E+11;;;;dishes;lite-4-2;Яйцо по Бельгийски с овощами;Яйцо, горошек, брокколи;https://static.tildacdn.com/tild3163-3637-4938-b662-623335663232/Rectangle_29.png;0;;;;;nnUUXmkc3HcxIngpUREB;;;;;;200;0;0;0
8,0453E+11;;;;dishes;lite-4-3;Митболлы с грибным соусом;Мясной фарш, греча, грибы, сливки, молоко;https://static.tildacdn.com/tild3333-3835-4163-b830-353032383663/Rectangle_30.png;0;;;;;UHVn2kRV0eghtLl2JMZe;;;;;;250;0;0;0
8,7134E+11;;;;dishes;lite-4-4;Куриный бульон с яйцом;Курица, макарошки, яйцо;https://static.tildacdn.com/tild3730-3836-4663-a432-623461336563/Mask_Group.png;0;;;;;Om5EYSN4UDSu56sG2rTo;;;;;;280;0;0;0
7,29666E+11;;;;dishes;lite-4-5;Овощное рагу;Картофель стоун, морковь, кабачки, перец, грибы;https://static.tildacdn.com/tild3935-6439-4532-b134-316339393163/Rectangle_10.png;0;;;;;8cE3bvkChILfBPpjeE07;;;;;;250;0;0;0
6,36708E+11;;;;dishes;lite-4-6;Свекольная котлета с фасолью ассорти;Свекла, зелень, куриное филе, специи, красная и белая фасоль, томатный соус;https://static.tildacdn.com/tild6230-3932-4262-b962-363237373134/Rectangle_40.png;0;;;;;7DFyMTckeC3gcuUtk0yK;;;;;;250;0;0;0
1,13082E+11;;;;dishes;lite-4-dessert;Пирог малиновый с миндалем;Малина, сахар, мука, масло, лимонный сок, яичный желток, миндальная мука, крахмал кукурузный;https://static.tildacdn.com/tild3032-6238-4035-b464-656233663436/Rectangle_19.png;0;;;;;TzA0kGh3XsHliyL8XTrh;;;;;;60;0;0;0
4,78652E+11;;;;dishes;lite-5-1;Греческий салат;Салат, огурец, томат, перец, лук порей, оливки, маслины, сыр, кунжут;https://static.tildacdn.com/tild3535-6166-4733-b862-313231323063/Rectangle_10.png;0;;;;;tgthi3yRJRB7a2y83Hfs;;;;;;120;0;0;0
6,65847E+11;;;;dishes;lite-5-2;Татаки из тунца с печеным картофелем;Тунец филе, кунжут, соевый соус, картофель стоун, специи, зелень;https://static.tildacdn.com/tild3930-3133-4937-b733-633837663033/Rectangle_28.png;0;;;;;zgcRsBhEJcxNNf6Ueu9Y;;;;;;220;0;0;0
7,56555E+11;;;;dishes;lite-5-3;Домашний фондю с фруктами;Шоколад, какао, молоко, фрукты;https://static.tildacdn.com/tild3464-3332-4538-b535-636533336461/Rectangle_30.png;0;;;;;XBouiRiAFEeV7b18fV7p;;;;;;200;0;0;0
1,70051E+11;;;;dishes;lite-5-4;Уха по Фински;Филе трески, филе тунца, томат, лук порей, сливки;https://static.tildacdn.com/tild3865-3733-4561-a366-616563623165/Mask_Group.png;0;;;;;s3bIEv0xe7ktgfSRjcml;;;;;;280;0;0;0
2,28047E+11;;;;dishes;lite-5-5;Фунчоза Ло-мейн;"Фунчеза, соус ""ло-мейн"", морковь, лук, куриное филе";https://static.tildacdn.com/tild3361-3866-4533-a265-373263343238/Rectangle_29.png;0;;;;;oAUY9zmEZrD7HdyytJmU;;;;;;250;0;0;0
9,926E+11;;;;dishes;lite-5-6;Фаршированные каннелони под сыром;Каннеллони, куриный фарш, специи, зеленые, сыр, лук, чеснок;https://static.tildacdn.com/tild3238-6365-4733-b666-346138343832/Rectangle_41.png;0;;;;;VBSoOiKBkd0lCMzOSeIa;;;;;;250;0;0;0
4,49389E+11;;;;dishes;lite-5-dessert;Медовик;"Мука, молоко, сахар, сгущенка, меланж, вода, масло, мед, соль, сироп ""крем-брюле""";https://static.tildacdn.com/tild3833-3438-4061-a137-343065376632/Rectangle_20.png;0;;;;;tahTHVj40PFRI93T3Kyk;;;;;;80;0;0;0
7,61729E+11;;;;dishes;lite-6-1;Блинчики с ветчиной и сыром;Молоко, яйцо, ветчина индейки, сыр, соус, мука рисовая;https://static.tildacdn.com/tild3362-3865-4163-a638-353734656132/Rectangle_28.png;0;;;;;fg11m657etDVNulX7R5x;;;;;;200;0;0;0
8,76055E+11;;;;dishes;lite-6-2;Куриный шашлычок с размарином и пряным картофелем;Филе куриное, специи, картофель, пряности;https://static.tildacdn.com/tild6466-3664-4462-a232-353630393736/Rectangle_10.png;0;;;;;ogjf2vYXV6GEBmLRLNc3;;;;;;250;0;0;0
9,10648E+11;;;;dishes;lite-6-3;Салат с тунцом;Салат, огурец, тунец филе, яйцо, соус;https://static.tildacdn.com/tild6437-6466-4939-a366-663466623235/Rectangle_30.png;0;;;;;6cXMiZ8jCDcd1VfjF2rG;;;;;;120;0;0;0
9,64031E+11;;;;dishes;lite-6-4;Морковно-сельдереевый суп;Морковь, сельдерей, молоко, лук;https://static.tildacdn.com/tild3164-6630-4036-a632-643437646435/Mask_Group.png;0;;;;;cCyDLPmbGZa9SO2lfBvB;;;;;;280;0;0;0
1,00502E+11;;;;dishes;lite-6-5;"Манты ""а-ля""";Куриный фарш, мука, яйцо, вода, соус сметанный;https://static.tildacdn.com/tild6434-6663-4436-a262-356236666637/Rectangle_29.png;0;;;;;c5TSvRlJLo36j05PkuOB;;;;;;250;0;0;0
7,75349E+11;;;;dishes;lite-6-6;Овощное соте с пастой и базиликом;Паста тальятелле, цукини, перец, морковь, соус песто;https://static.tildacdn.com/tild6539-3065-4863-b465-626635643639/Rectangle_42.png;0;;;;;1GnASN30l4EnOY7Dp0BU;;;;;;250;0;0;0
8,16187E+11;;;;dishes;lite-6-dessert;"Пирожное ""Шу""";Сливки, сахар, творожный сыр, мука, сгущеное молоко, соль, вода, яйцо, ванилин, миндаль, карамель;https://static.tildacdn.com/tild6134-3734-4262-a166-663230616130/Rectangle_21.png;0;;;;;Uv9vrDNFjxeDE3nZBb8K;;;;;;60;0;0;0
4,84833E+11;;;;dishes;lite-7-1;Брошет из овощей;Филе куриное, перец, шампиньон, лук красный, кабачки, томат;https://static.tildacdn.com/tild6265-3538-4133-b066-663832633730/Rectangle_10.png;0;;;;;spVTEp0H5ru5aFZFb0hE;;;;;;250;0;0;0
1,66267E+11;;;;dishes;lite-7-2;Капрезе;Томат, песто, фрилисс, моцарелла;https://static.tildacdn.com/tild3939-6165-4561-b463-303432623938/Rectangle_28.png;0;;;;;AooYIz3POEx1FH6FPAkX;;;;;;120;0;0;0
3,35337E+11;;;;dishes;lite-7-3;Фруктовый салат;Фрукты, ягодный мусс, зефир;https://static.tildacdn.com/tild3135-3339-4631-b262-613963383639/Rectangle_30.png;0;;;;;SHyKyNIgEfAIk8fOjajV;;;;;;200;0;0;0
3,23064E+11;;;;dishes;lite-7-4;Куриный суп;Курица, картофель, морковь, макарошки;https://static.tildacdn.com/tild3936-6332-4165-b633-303961383935/Mask_Group.png;0;;;;;dT9nyD58kmga2yJ8hmnt;;;;;;280;0;0;0
4,56989E+11;;;;dishes;lite-7-5;Лобио;Фасоль, томат, морковь, грецкий орех, тортилья;https://static.tildacdn.com/tild3966-3937-4137-b532-313131666431/Rectangle_29.png;0;;;;;lvmvznN3JOiZ6jjjNYKh;;;;;;250;0;0;0
8,65506E+11;;;;dishes;lite-7-6;Запеченая куриная грудка с овощами;Филе ципленка, перец сладкий, картофель, кабачок, морковь бэйби, специи, зелень;https://static.tildacdn.com/tild3864-3131-4964-b937-353039636333/Rectangle_43.png;0;;;;;apxC5Nep3UFOSG0XBNac;;;;;;250;0;0;0
6,30946E+11;;;;dishes;lite-7-dessert;Баркетта с вишней и творожным кремом;Морковь, сыр творожный, сахар, мука, масло, яйцо, грецкий орех, ананас;https://static.tildacdn.com/tild6233-3436-4162-b631-306266353663/Rectangle_22.png;0;;;;;XMD8jXHvEB6N6Dtre8au;;;;;;60;0;0;0
2,0663E+11;;;;dishes;avan-1-1;Блинчики крем-чиз с персиками и черничным муссом;Сливки, черника, яйцо, молоко, мука, персики, сахар, сыр;https://static.tildacdn.com/tild3763-3432-4534-a264-336334636637/Rectangle_10.png;0;;;;;1gtHTdGG5sFl5TZ40Nlh;;;;;;250;0;0;0
2,27765E+11;;;;dishes;avan-1-2;Салат с тунцом и кремом бальзамик;Салат, тунец, картофель, имбирь маслины, черри, яйцо, кунжут;https://static.tildacdn.com/tild3331-3137-4635-a237-336530386463/Rectangle_27.png;0;;;;;jHzxVicjvSPTIkblx9ZU;;;;;;150;0;0;0
7,01889E+11;;;;dishes;avan-1-3;Бургер ЯБС;Булка, мясной фарш, сыр чеддер, огурец, томат, соус;https://static.tildacdn.com/tild3364-3934-4664-b536-623965393634/Rectangle_28.png;0;;;;;YDETjnet3GfNIT8h4i2V;;;;;;280;0;0;0
5,14811E+11;;;;dishes;avan-1-4;Утиная грудка унаги с гречневой лапшой;"Филе утки, гречневая лапша, морковь, перец, соус ""унаги"", кунжут, зелень";https://static.tildacdn.com/tild3135-6565-4737-b065-653664613530/Rectangle_30-3.png;0;;;;;NG6sdi1kkkREHsEPgNUg;;;;;;280;0;0;0
3,24116E+11;;;;dishes;avan-1-5;Жульен Дон-Пепе;"Коризиночка, грибы, филе куриное, сливочный соус ""Бешамель"", сыр";https://static.tildacdn.com/tild6566-3862-4464-b131-383036636335/Rectangle_29-5.png;0;;;;;EzkSJZkA38H8RSZty623;;;;;;150;0;0;0
7,7735E+11;;;;dishes;avan-1-6;Треска по-сычуаньски с припущенными мини овощами;Филе трески, специи, цветная капуста, морковь бэйби, фасоль стручковая, сычуаньский соус, панко, сыр гауда, чеснок;https://static.tildacdn.com/tild3630-3230-4737-a531-363266313838/Rectangle_37.png;0;;;;;h20rjF20mlaOzLhUK5du;;;;;;250;0;0;0
8,27747E+11;;;;dishes;avan-1-dessert;Чизкейк классический;Сыр творожный, пшеничная мука, вода, соль, лимонная кислота, сахар, патока, меланж, сливки;https://static.tildacdn.com/tild3661-6133-4338-b738-326337613636/Rectangle_30.png;0;;;;;IdB4UR1jDFnbTDdp4VPl;;;;;;50;0;0;0
4,41522E+11;;;;dishes;avan-2-1;Картофельный хашбраун с яйцом в беконе;"Картофельный хашбраун, яйцо, бекон, лук фри, соус ""свит чили""";https://static.tildacdn.com/tild3666-3234-4262-a130-303531653734/Rectangle_10-1.png;0;;;;;RtpLjsZ0kmjPGjGJfejK;;;;;;300;0;0;0
4,54455E+11;;;;dishes;avan-2-2;Салат чикен пеппер;Филе куриное, листья салата, черри, соус, карри;https://static.tildacdn.com/tild6665-6536-4963-a632-356664623036/Rectangle_27-1.png;0;;;;;hBAAy1RYKFaE3dlYBOc9;;;;;;150;0;0;0
8,67619E+11;;;;dishes;avan-2-3;Спагетти карбонара;"Спагетти, бекон, соус ""песто"", сливочный соус, сыр пармезан";https://static.tildacdn.com/tild6132-3331-4338-b637-396234356364/Rectangle_28-1.png;0;;;;;DK9FBJ2pbgUOUK4naoG2;;;;;;280;0;0;0
7,95222E+11;;;;dishes;avan-2-4;Сицилийский суп с треской и голубой мидией;Лук, чеснок, томаты, мидия, треска;https://static.tildacdn.com/tild3362-6562-4535-a363-313939636232/Mask_Group.png;0;;;;;ZhvFUiXc0ImS9vm6FVjD;;;;;;280;0;0;0
3,23318E+11;;;;dishes;avan-2-5;Чикен-карри с рисом жасмин;Курица, сливочный соус, карри, рис жасмин;https://static.tildacdn.com/tild6233-3535-4461-b334-313138333566/Rectangle_29.png;0;;;;;CBIVlMrK66jVXcoa2HXT;;;;;;280;0;0;0
9,92181E+11;;;;dishes;avan-2-6;Говядина в кунжутном соусе с пюре из брокколи;Говядина, бешамень, кунжутный соус, брокколи, картофель, молоко, черри, зелень, специи;https://static.tildacdn.com/tild3563-3562-4232-a262-623365303236/Rectangle_31.png;0;;;;;VUIMEfixjYczB9mhfacD;;;;;;280;0;0;0
2,33964E+11;;;;dishes;avan-2-dessert;Эклер шоколадный;Мука, яйцо, сахар, шоколад, заварной крем;https://static.tildacdn.com/tild6635-6631-4263-a336-636634653161/Rectangle_24.png;0;;;;;dh3XlMzIbavagCelmG60;;;;;;50;0;0;0
5,22301E+11;;;;dishes;avan-3-1;Рулетики прошуто;Тортилья, ветчина, сыр, черри, соус;https://static.tildacdn.com/tild6433-6233-4639-a337-633266653230/Rectangle_10-2.png;0;;;;;ivurG8PumfddvKB9uvXJ;;;;;;230;0;0;0
5,51096E+11;;;;dishes;avan-3-2;Салат с говяжьим языком;"Язык, огурец, томат, салат, соус ""сливочный хрен"", картофель стоун";https://static.tildacdn.com/tild3963-3566-4563-a636-366330383737/Rectangle_27-2.png;0;;;;;Shvv1cmeTNclJYsa8vUA;;;;;;150;0;0;0
8,53689E+11;;;;dishes;avan-3-3;Медальоны с овощами на пару;Вырезка свиная, горчица зернистая, розмарин, морковь, брокколи, цветная капуста, горошек;https://static.tildacdn.com/tild6531-3532-4662-b831-636435643730/Rectangle_28-2.png;0;;;;;Etk3jFabD5bkXSVVyMGc;;;;;;280;0;0;0
6,35118E+11;;;;dishes;avan-3-4;Ким-чи суп;Рыбный бульон, водоросли, тофу, яйцо;https://static.tildacdn.com/tild3731-3464-4566-a337-366632366635/Mask_Group-1.png;0;;;;;NpaBXodK9BrduSzOj2nt;;;;;;280;0;0;0
3,38371E+11;;;;dishes;avan-3-5;Мясной штрудель;Мясной фарш, слоёное тесто, сметана;https://static.tildacdn.com/tild6632-3037-4434-b363-393961323939/Rectangle_29-1.png;0;;;;;z4tS9hK4lSiziiRNUeDh;;;;;;280;0;0;0
3,84721E+11;;;;dishes;avan-3-6;Паста с пепперони и пармезаном;Мини пенне, пармезан, пепперони, оливки, зелень, соус наполи, томаты, чеснок, лук красный, зелень, специи;https://static.tildacdn.com/tild3164-6163-4236-b533-653535373765/Rectangle_32.png;0;;;;;SpgxHUrRU9feXVx0Dr4K;;;;;;280;0;0;0
7,20252E+11;;;;dishes;avan-3-dessert;Чиз-кейк клубничный;Бисквит, ваниль, сливочный сыр, сливки, яйцо, клубника;https://static.tildacdn.com/tild3338-3965-4436-b064-353530363333/Rectangle_25.png;0;;;;;lAbOvCI5lcMb5elAcMgj;;;;;;100;0;0;0
4,65728E+11;;;;dishes;avan-4-1;Панкейки с творогом и вишневым конфитюром;Творог, сахар, вишня, мука, молоко, яйцо;https://static.tildacdn.com/tild3030-3063-4462-b839-353430373136/Rectangle_10-3.png;0;;;;;VZKAIU01ZpaEsvr2cSNl;;;;;;250;0;0;0
5,85416E+11;;;;dishes;avan-4-2;Салат Цезарь;"Филе куриное, салат, соус ""цезарь"", томат, гренки, сыр";https://static.tildacdn.com/tild3366-3637-4236-b631-353734323937/Rectangle_27-3.png;0;;;;;ZkkRIGulDEmGuvB1FSF5;;;;;;150;0;0;0
6,98387E+11;;;;dishes;avan-4-3;Лапша Том-Ям;Яичная лапша, филе куиное, перец, морковь, лук порей, салат, соус том-ям, кокосовое молоко;https://static.tildacdn.com/tild3537-6332-4130-a636-353863613131/Rectangle_28-3.png;0;;;;;fVy16ikUcYFkmRDVJi3O;;;;;;280;0;0;0
3,27965E+11;;;;dishes;avan-4-4;Филе тунца с печеным овощами под соусом унаги;Тунец филе, кунжут, унаги соус, картофель стоун, болгарский перец, цукини, специи, зелень;https://static.tildacdn.com/tild6339-3836-4431-b465-346630343239/Rectangle_30.png;0;;;;;KbueHmAM29TSgTVg4TmN;;;;;;230;0;0;0
1,104E+11;;;;dishes;avan-4-5;Брускета;Хлебцы, сливочный сыр, кукуруза, салат, лук красный, сельдерей, перец, виноград;https://static.tildacdn.com/tild3862-3531-4236-b530-333131616136/Rectangle_29-2.png;0;;;;;k6TTB4NSZlcgVm3mz8lH;;;;;;180;0;0;0
2,40908E+11;;;;dishes;avan-4-6;Филе ципленка BBQ с мексиканским гарниром;Куриное филе, стручковая фасоль, горошек, кукуруза, соус BBQ, свит чили;https://static.tildacdn.com/tild6166-3837-4962-b936-383135633165/Rectangle_33.png;0;;;;;jPXxPFKD7IO7bIHogRdb;;;;;;280;0;0;0
3,13106E+11;;;;dishes;avan-4-dessert;Пирог малиновый с миндалем;Малина, сахар, мука, масло, лимонный сок, яичный желток, миндальная мука, крахмал кукурузный;https://static.tildacdn.com/tild6566-3664-4364-a630-353430313063/Rectangle_26.png;0;;;;;J5rD9MCa3asZOCugYN66;;;;;;60;0;0;0
6,72361E+11;;;;dishes;avan-5-1;Цезарь ролл;Тортилья, куриное филе, соус цезарь, салат, томаты;https://static.tildacdn.com/tild3330-3662-4038-b538-376330633034/Rectangle_10-4.png;0;;;;;KtdDbFfObACg3UlpEsrU;;;;;;200;0;0;0
6,51511E+11;;;;dishes;avan-5-2;Овощной микс;Салат, томат, редис, огурец, перец, заправка;https://static.tildacdn.com/tild3761-3366-4362-b132-336665653637/Rectangle_27-4.png;0;;;;;XzFplZ3INAUyPhjm8CAg;;;;;;180;0;0;0
1,25464E+11;;;;dishes;avan-5-3;Мясо по-бургундски с картофелем;"Вырезка свиная, лук красный, картофель стоун, соус ""Деми-гласс"", соевый соус, лук";https://static.tildacdn.com/tild6461-3233-4465-b466-656135336161/Rectangle_28-4.png;0;;;;;5FbDGyRnuhS86ptBg7d6;;;;;;280;0;0;0
6,96138E+11;;;;dishes;avan-5-4;Том-ям по домашнему;Курица, шампиньон, креветка, черри, молоко кокосовое, паста том-ям;https://static.tildacdn.com/tild3433-3334-4336-b634-613631653830/Mask_Group-2.png;0;;;;;1R8KOBMrRr6kL5S06apk;;;;;;280;0;0;0
9,14371E+11;;;;dishes;avan-5-5;Fish Bolls Crab с кус-кусом;"Филе трески, мясо краба, морковь, кус-кус, перец, лук красный, сельдерей, сливочный соус, соус ""ким-чи""";https://static.tildacdn.com/tild3438-3235-4138-b131-643137393034/Rectangle_29-3.png;0;;;;;mfpjFyzYCeggIjIM7aV0;;;;;;280;0;0;0
2,50376E+11;;;;dishes;avan-5-6;Кура в беконе с печеными кабачками и грушей;Куриное филе, бекон, растительное масло, кабачок, груша, вишневый соус, деми Гляс;https://static.tildacdn.com/tild3237-6164-4464-b139-646165653932/Rectangle_34.png;0;;;;;gRPoU5I1fkKzj752vzjo;;;;;;280;0;0;0
3,77488E+11;;;;dishes;avan-5-dessert;Медовик;"Мука, молоко, сахар, сгущенка, меланж, вода, масло, мед, соль, сироп ""крем-брюле""";https://static.tildacdn.com/tild6437-6531-4031-a335-316266323439/Rectangle_27.png;0;;;;;SBgamf5B6PNfeAuRS19R;;;;;;80;0;0;0
3,98355E+11;;;;dishes;avan-6-1;Фриттата Палермо;Яйцо, молоко, сливки, куриное филе, перец, черри, сыр;https://static.tildacdn.com/tild3933-3537-4765-b239-326163333862/Rectangle_10-5.png;0;;;;;5hZgNNAMi1R85mRHA88x;;;;;;230;0;0;0
2,97232E+11;;;;dishes;avan-6-2;Салат с красной рыбой и каперсами;Форель шеф посола, салат, каперсы, огурец, томат, оливки;https://static.tildacdn.com/tild3931-3532-4939-b337-326666643362/Rectangle_27-5.png;0;;;;;iB7GOj7ps9vm2R5PUnBD;;;;;;150;0;0;0
1,32686E+11;;;;dishes;avan-6-3;Паэлья по домашнему с цыпленком и чилли перцем;Рис, филе куриное, креветка, кукуруза, горошек, перец, пармезан, соус свит-чили;https://static.tildacdn.com/tild3964-6538-4464-a335-653439343339/Rectangle_28-5.png;0;;;;;B4GM3ze1ozSLKazy86GM;;;;;;280;0;0;0
2,30792E+11;;;;dishes;avan-6-4;Овощной покемикс;"Рис, салат ""чукка"", бобы эдэмамэ, огурец, морковь, ореховый соус, кунжут";https://static.tildacdn.com/tild3236-3061-4365-b939-343862333063/Rectangle_30-1.png;0;;;;;mB9mUXNvaUvDDTJLrpzX;;;;;;180;0;0;0
6,40247E+11;;;;dishes;avan-6-5;Удон с говядиной и кунжутным маслом;Говядина, красный лук, кабачки, пшеничная лапша, перец, кунжут;https://static.tildacdn.com/tild3762-3034-4434-b734-353231616535/Rectangle_29-4.png;0;;;;;SzAaXAK9A5L9nek0MrcH;;;;;;280;0;0;0
8,67602E+11;;;;dishes;avan-6-6;Паста фарфалле с вялеными томатами в сырном соусе;Томаты черри, фета, мини фарфалле, песто, оливки, пармезан, вяленые томаты;https://static.tildacdn.com/tild6662-3263-4464-a461-306662306539/Rectangle_35.png;0;;;;;u5EdmsIImhIduxr7YHxr;;;;;;280;0;0;0
9,81852E+11;;;;dishes;avan-6-dessert;"Пирожное ""Шу""";Сливки, сахар, творожный сыр, мука, сгущеное молоко, соль, вода, яйцо, ванилин, миндаль, карамель;https://static.tildacdn.com/tild3330-3330-4430-a530-613135316632/Rectangle_28.png;0;;;;;v9dhkX6bhOTBExyZfKLm;;;;;;60;0;0;0
4,34244E+11;;;;dishes;avan-7-1;Геркулес холодного варения с фруктами и чипсами из апельсина;Фрукты? хлопья овсяные, йогурт;https://static.tildacdn.com/tild3235-3239-4534-b635-303433356430/Rectangle_10-6.png;0;;;;;kf5pBZVB8g1iig5bEO7M;;;;;;300;0;0;0
3,7539E+11;;;;dishes;avan-7-2;Овощи ким-чи;Салат, морковь, свекла, огурец, спаржа, кунжут;https://static.tildacdn.com/tild3766-3536-4335-a238-303961343431/Rectangle_27-6.png;0;;;;;ItLaro6LlitO7zIiipoZ;;;;;;150;0;0;0
8,10422E+11;;;;dishes;avan-7-3;Стейк из индейки с рисом и машем;"Филе индейки, рис, маш, соус ""вишневый деми глас""";https://static.tildacdn.com/tild3666-3030-4236-b839-363734643538/Rectangle_28-6.png;0;;;;;HuVfBNjGLoDPhgIxS3DJ;;;;;;280;0;0;0
2,0841E+11;;;;dishes;avan-7-4;Сливочный суп с крабом;Сливки, молоко, плавленный сыр, вакаме, картофель, крабовое мясо, лук порей, тарталетка мини, икра, специи;https://static.tildacdn.com/tild6534-3864-4434-a333-643334306538/Mask_Group-3.png;0;;;;;S2CTbGaDghgyEc88EjCG;;;;;;280;0;0;0
2,60023E+11;;;;dishes;avan-7-5;Медальоны из свиной вырезки в ежевичном соусе с шато из яблок и цукини;Вырезка свиная, кабачки, яблоко, ежевика, розмарин, специи;https://static.tildacdn.com/tild3635-3165-4931-b431-656135383966/Rectangle_30-2.png;0;;;;;yEv9Y4zcvup8svk9CDpm;;;;;;280;0;0;0
6,02631E+11;;;;dishes;avan-7-6;Строганов с вешенками и картофельным пюре;Пюре, говядина, вешенки, лук репчатый, сливочный соус, горчица, сметана, сливки, деми гляс, маринованый огурец, растительное масло;https://static.tildacdn.com/tild3539-6266-4438-a166-386533333562/Rectangle_36.png;0;;;;;YZTpGbHjPde9srKmvihk;;;;;;280;0;0;0
4,52578E+11;;;;dishes;avan-7-dessert;Баркетта с вишней и творожным кремом;Морковь, сыр творожный, сахар, мука, масло, яйцо, грецкий орех, ананас;https://static.tildacdn.com/tild6331-3564-4232-a430-663461383332/Rectangle_29.png;0;;;;;d1lS2HKNC52bBtbIm0KN;;;;;;60;0;0;0
